<?xml version="1.0" encoding="utf-8"?>
<prefix name="iola" label="iola Backend" language_tag="en" language_label="English"><key name="appearance_option_background_description"><value>Minimal size 696x696 px</value></key><key name="appearance_option_background_info"><value>Drag and drop image (JPEG, PNG) or {$browse}</value></key><key name="appearance_option_background_title"><value>Background</value></key><key name="appearance_option_logo_description"><value>Minimal size 96x96 px</value></key><key name="appearance_option_logo_info"><value>Drag and drop image (JPEG, PNG) or {$browse}</value></key><key name="appearance_option_logo_title"><value>Logo</value></key><key name="appearance_option_primary_color_title"><value>Primary color</value></key><key name="appearance_settings_instruction"><value>Here you can adjust the appearance of the app.</value></key><key name="appearance_settings_save_description"><value>After you press the &lt;b&gt;Save&lt;/b&gt; button, all of your users will see the app renewed.</value></key><key name="appearance_settings_save_label"><value>Save</value></key><key name="browse_file_button_label"><value>browse</value></key><key name="settings_page_heading"><value>iola</value></key><key name="settings_page_title"><value>iola</value></key><key name="settings_save_error"><value>Some settings were not saved</value></key><key name="settings_save_success"><value>Settings were saved</value></key></prefix>
