<?xml version="1.0" encoding="utf-8"?>
<prefix name="iola" label="iola" language_tag="en" language_label="English"><key name="admin_requirements_notification"><value>&lt;a href="{$settingsUrl}"&gt;iola&lt;/a&gt; requires for &lt;a href="{$mailboxUrl}"&gt;Messages&lt;/a&gt;, &lt;a href="{$friendsUrl}"&gt;Friends&lt;/a&gt; and &lt;a href="{$photoUrl}"&gt;Photo&lt;/a&gt; plugins</value></key><key name="admin_requirements_page_text"><value>&lt;b&gt;iola&lt;/b&gt; only works together with other plugins:&#13;
&lt;li&gt;&lt;a href="{$mailboxUrl}"&gt;Messages&lt;/a&gt;&lt;/li&gt;&#13;
&lt;li&gt;&lt;a href="{$friendsUrl}"&gt;Friends&lt;/a&gt;&lt;/li&gt;&#13;
&lt;li&gt;&lt;a href="{$photoUrl}"&gt;Photo&lt;/a&gt;&lt;/li&gt;&#13;
&lt;br /&gt;&#13;
Please install them and explore the mobile experience with iola app right away.</value></key><key name="admin_setup_widget_notification"><value>Please place &lt;a href="{$iolaUrl}"&gt;iola&lt;/a&gt; widget somewhere on &lt;a href="{$mainUrl}"&gt;Main&lt;/a&gt; or &lt;a href="{$dashboardUrl}"&gt;Dashboard&lt;/a&gt; pages</value></key><key name="appearance_option_background_description"><value>Recommended size is 1440x2560 pixels</value></key><key name="appearance_option_background_info"><value>Drag and drop image (JPEG, PNG) or {$browse}</value></key><key name="appearance_option_background_title"><value>Background</value></key><key name="appearance_option_logo_description"><value>Minimal size is 96x96 pixels</value></key><key name="appearance_option_logo_info"><value>Drag and drop image (JPEG, PNG) or {$browse}</value></key><key name="appearance_option_logo_title"><value>Logo</value></key><key name="appearance_option_primary_color_title"><value>Primary color</value></key><key name="appearance_settings_instruction"><value>Here you can adjust the appearance of the app.</value></key><key name="appearance_settings_save_description"><value>After you press the &lt;b&gt;Save&lt;/b&gt; button, all of your users will see the app renewed.</value></key><key name="appearance_settings_save_label"><value>Save</value></key><key name="banner_widget_show_android"><value>Google Play</value></key><key name="banner_widget_show_ios"><value>App Store</value></key><key name="banner_widget_show_logo"><value>Logo</value></key><key name="banner_widget_show_text"><value>Text</value></key><key name="banner_widget_text"><value>Go mobile with iola.&lt;br /&gt;Find out &lt;a href="{$moreUrl}"&gt;more&lt;/a&gt;</value></key><key name="banner_widget_title"><value>Go mobile with iola</value></key><key name="browse_file_button_label"><value>browse</value></key><key name="settings_page_heading"><value>iola</value></key><key name="settings_page_title"><value>iola</value></key><key name="settings_save_error"><value>Some settings were not updated. Please check again</value></key><key name="settings_save_success"><value>Settings updated</value></key></prefix>
